Ticker,Market Cap,Div,ROA,ROE,ROI,Curr R,Quick R,LTDebt/Eq,Debt/Eq,Gross M,Profit M,Earnings,Price,Change,Volume
RENN,95.88M,675.74%,4.80%,8.50%,-24.60%,1.50,0.90,0.20,0.48,5.50%,-37.80%,11.00%,Sep 18/b,1.41,3.68%
SWZ,195.68M,254.08%,-,-,-,-,-,-,-,-,-,-,-,7.80,0.91%
VMIN,-,123.28%,-,-,-,-,-,-,-,-,-,-,-,2.70,3.05%
KEN,884.39M,78.49%,-,-,-1.50%,2.00,-,0.71,0.81,20.70%,-,-,Nov 29/b,15.97,1.52%
OSB,2.13B,56.10%,-,-,-,-,-,-,-,-,-,-,Nov 09/b,25.37,3.13%
OXBR,6.43M,46.60%,-88.10%,-164.90%,-148.10%,-,-,0.14,0.14,-,-,-,Nov 13/a,1.11,7.77%
WHLR,30.84M,41.85%,-5.00%,-105.30%,0.10%,-,-,20.33,20.33,73.40%,3.60%,-39.80%,Nov 06/a,3.28,1.03%
ATAI,26.22M,37.27%,-14.50%,-34.60%,6.80%,1.20,1.20,0.00,0.07,47.20%,-,-27.50%,Nov 08/a,1.10,0.15%
PMTS,30.46M,30.61%,-16.90%,32.20%,-4.80%,2.20,2.00,-,-,29.60%,-7.20%,-15.80%,Nov 06/b,2.94,0.00%
NAUH,16.48M,28.21%,-28.80%,-78.30%,-31.10%,0.60,0.60,1.53,1.63,60.80%,-16.90%,-18.10%,Oct 10/a,0.64,0.25%
FGP,157.41M,26.14%,-16.00%,31.90%,-7.40%,1.30,1.00,-,-,37.60%,-4.40%,-12.20%,Sep 27/b,1.58,3.27%
SNMP,110.21M,25.64%,-6.80%,98.20%,-0.10%,0.80,0.80,-,-,71.80%,5.20%,-48.20%,Nov 09/b,7.05,0.43%
CLM,530.74M,23.85%,-,-,-,-,-,-,-,-,-,-,-,12.26,2.94%
CRF,264.80M,23.59%,-,-,-,-,-,-,-,-,-,-,-,12.06,3.09%
EXD,-,23.02%,-,-,-,-,-,-,-,-,-,-,-,8.35,0.12%
VEDL,10.68B,22.93%,0.80%,2.50%,13.40%,0.80,0.70,0.45,0.98,28.20%,24.50%,1.50%,Nov 09/b,11.10,-2.46%
CBL,659.79M,21.56%,-0.40%,-2.00%,5.00%,-,-,3.84,3.84,71.00%,22.00%,-2.50%,Oct 29/a,3.29,-11.32%
NNA,56.60M,21.02%,-4.10%,-14.30%,2.30%,1.00,1.00,2.41,2.53,83.90%,-2.70%,-33.10%,Nov 21/b,0.37,-3.31%
MRRL,-,20.81%,-,-,-,-,-,-,-,-,-,-,-,14.48,1.78%
PER,140.05M,20.80%,18.90%,18.90%,19.30%,-,-,0.00,0.00,94.90%,83.10%,83.40%,Nov 06/a,2.50,0.00%
REML,-,20.74%,-,-,-,-,-,-,-,-,-,-,-,25.06,3.13%
VOC,72.84M,20.51%,11.00%,11.00%,10.80%,-,-,0.00,0.00,-,90.50%,91.50%,Nov 08,4.44,3.45%
MORL,-,20.48%,-,-,-,-,-,-,-,-,-,-,-,14.48,0.19%
NAP,53.99M,20.16%,-3.90%,-7.30%,6.50%,7.00,7.00,0.91,0.91,93.40%,35.60%,-20.40%,Nov 08/b,2.59,4.35%
GOV,997.49M,19.01%,0.80%,2.20%,1.50%,-,-,1.67,1.67,67.60%,11.50%,7.30%,Nov 01/b,8.76,-3.20%
PEX,-,18.84%,-,-,-,-,-,-,-,-,-,-,-,33.68,2.15%
SMHD,-,18.14%,-,-,-,-,-,-,-,-,-,-,-,15.93,-0.38%
AMJL,-,18.13%,-,-,-,-,-,-,-,-,-,-,-,15.60,4.77%
CEFL,-,17.90%,-,-,-,-,-,-,-,-,-,-,-,13.74,0.81%
AI,245.16M,17.88%,-1.00%,-13.00%,0.40%,-,-,0.25,12.82,8.10%,-,-55.90%,Oct 23/a,8.43,0.48%
CLRO,13.33M,17.39%,-25.20%,-29.40%,-20.00%,5.10,2.60,0.00,0.00,54.60%,-58.20%,-49.60%,Nov 07/a,1.77,10.06%
NDP,-,17.14%,-,-,-,-,-,-,-,-,-,-,-,10.38,1.67%
BPT,678.08M,16.89%,-,-,9628.50%,-,-,0.00,0.00,-,98.50%,98.60%,Nov 08,31.70,1.23%
DRAD,29.19M,16.79%,-39.90%,-77.90%,-47.30%,1.70,1.20,0.42,0.00,21.80%,-4.60%,-24.20%,Nov 02/b,1.25,-4.58%
CGA,24.76M,16.59%,-1.40%,-1.70%,5.70%,4.90,4.30,0.02,0.03,25.80%,10.40%,-2.40%,Nov 14/b,0.62,3.00%
SDT,31.38M,16.52%,17.60%,17.60%,20.50%,-,-,0.00,0.00,88.60%,63.20%,64.10%,Nov 06/a,1.20,4.00%
GMLP,1.01B,16.41%,3.60%,14.30%,10.50%,0.50,0.50,2.04,2.54,78.40%,44.20%,23.60%,Aug 23,14.11,0.21%
CHKR,72.40M,16.34%,45.40%,45.70%,48.20%,-,-,0.00,0.00,94.90%,84.80%,85.10%,Nov 07/b,1.59,3.71%
MN,34.97M,16.24%,1.00%,1.30%,32.00%,4.40,4.40,0.00,0.00,-,19.20%,1.10%,Oct 30/a,2.00,1.51%
NGL,1.27B,16.17%,-3.90%,-13.60%,2.40%,2.00,1.50,1.74,1.74,2.60%,0.00%,-1.30%,Nov 08/b,9.47,-1.83%
CCLP,195.07M,16.16%,-5.40%,-49.50%,-0.10%,2.30,1.50,9.48,9.48,33.40%,2.50%,-12.70%,Nov 07/b,4.64,0.00%
MVO,117.22M,16.10%,64.40%,64.40%,48.70%,-,-,0.00,0.00,-,92.00%,92.80%,Nov 08,10.15,-1.55%
SDR,55.72M,16.07%,23.10%,23.10%,24.80%,-,-,0.00,0.00,94.20%,72.10%,71.90%,Nov 06,1.14,2.23%
EDI,-,16.00%,-,-,-,-,-,-,-,-,-,-,-,11.33,0.17%
OXLC,336.83M,15.84%,-,-,-,-,-,-,-,-,-,-,Nov 06/b,10.34,1.08%
BPL,4.79B,15.75%,4.40%,9.50%,7.20%,1.00,0.70,1.02,1.06,41.20%,16.40%,11.20%,Nov 09/b,32.87,2.48%
LBDC,-,15.71%,-,-,-,-,-,-,-,-,-,-,-,14.00,4.22%
BDCL,-,15.68%,-,-,-,-,-,-,-,-,-,-,-,14.13,4.05%
SNR,500.23M,15.64%,-1.30%,-7.10%,-2.30%,5.50,5.50,4.75,4.75,74.30%,-17.80%,-7.80%,Nov 01/b,5.80,-0.43%
MLPQ,-,15.59%,-,-,-,-,-,-,-,-,-,-,-,28.65,3.16%
SMRT,101.31M,15.54%,-1.80%,-17.00%,-8.40%,1.10,0.20,0.87,3.10,26.90%,-0.60%,-0.70%,Nov 21/a,1.90,-1.55%
BCRH,67.17M,15.52%,-26.50%,-38.80%,-34.00%,-,-,0.00,0.00,-,-,-,Oct 29,7.78,0.65%
MDLY,155.17M,15.21%,-2.00%,26.80%,20.10%,-,-,-,-,-,26.00%,-3.60%,Nov 13/b,5.30,0.76%
CHW,444.32M,15.14%,-,-,-,-,-,-,-,-,-,-,-,7.61,1.06%
ORC,348.60M,15.05%,-0.40%,-3.90%,0.10%,-,-,0.00,8.43,-0.60%,-26.20%,-26.30%,Oct 25/a,6.61,3.53%
ROYT,99.42M,15.04%,3.50%,3.50%,2.00%,-,-,0.00,0.00,-,77.00%,76.80%,Oct 29,2.29,1.33%
MMLP,534.13M,15.04%,4.70%,27.00%,5.40%,2.30,1.00,99.81,99.81,30.20%,5.60%,5.50%,Oct 24/a,13.61,2.33%
AVH,216.96M,14.98%,-0.10%,-0.30%,5.30%,0.50,0.50,2.88,3.37,44.90%,5.60%,-0.10%,Nov 13/a,5.08,-1.17%
GGN,544.06M,14.96%,-,-,-,-,-,-,-,-,-,-,-,4.08,1.75%
RIV,-,14.89%,-,-,-,-,-,-,-,-,-,-,-,16.98,0.35%
WPG,1.28B,14.81%,1.70%,8.80%,9.40%,-,-,3.86,3.86,67.90%,32.50%,10.30%,Oct 24/a,6.45,-4.52%
ECT,31.52M,14.77%,9.00%,9.20%,11.20%,-,-,0.00,0.00,-,79.00%,79.50%,Nov 08/b,1.76,0.06%
PVL,90.72M,14.60%,49.90%,49.90%,47.50%,-,-,0.00,0.00,-,98.20%,98.40%,Oct 26,2.76,0.78%
ECC,350.87M,14.60%,-,-,-,-,-,-,-,-,-,-,Nov 13/b,16.87,2.62%
FPL,-,14.57%,-,-,-,-,-,-,-,-,-,-,-,8.67,0.23%
SMLP,1.20B,14.43%,-0.10%,-0.20%,-2.10%,1.10,1.10,1.26,1.26,64.00%,-7.80%,-0.40%,Nov 08/a,16.10,1.00%
USAC,1.38B,14.31%,-1.00%,-3.40%,-,1.40,0.90,1.11,1.11,63.40%,7.10%,-5.90%,Nov 06/b,14.62,-0.41%
BKEP,90.45M,14.29%,-2.70%,-2.10%,3.80%,1.00,1.00,0.80,0.80,77.10%,12.90%,-4.30%,Oct 31/a,2.23,-0.45%
IFN,552.57M,14.21%,-,-,-,-,-,-,-,-,-,-,-,20.04,0.25%
BGFV,90.86M,14.15%,-1.90%,-4.50%,3.50%,2.20,0.20,0.52,0.53,31.20%,0.20%,-0.90%,Oct 30/a,3.51,-17.22%
TCRD,251.59M,14.03%,-,-,-,-,-,-,-,-,-,-,Nov 07/a,7.70,0.00%
GARS,128.64M,14.01%,3.10%,7.00%,4.10%,-,-,1.29,1.29,59.30%,46.10%,33.80%,Nov 06/a,8.00,0.06%
DVHL,-,13.94%,-,-,-,-,-,-,-,-,-,-,-,17.80,1.31%
EARN,136.73M,13.84%,0.30%,2.70%,1.40%,-,-,0.00,8.82,41.70%,38.90%,9.30%,Nov 08/a,10.63,-0.56%
MBT,8.18B,13.80%,-,-,18.20%,0.90,0.80,3.58,4.28,63.30%,-,-,Nov 20/b,8.01,0.44%
EUFL,-,13.65%,-,-,-,-,-,-,-,-,-,-,-,27.04,0.00%
MSB,363.03M,13.59%,164.20%,242.70%,316.00%,9.90,9.90,0.00,0.00,-,97.50%,97.30%,Nov 08/a,27.59,-0.29%
EEP,3.37B,13.57%,1.40%,13.00%,12.90%,0.30,-,4.66,5.07,88.10%,43.20%,9.00%,Nov 01/a,10.61,2.81%
EEQ,1.02B,13.55%,-,-,-,-,-,0.00,0.00,-,-,-,Aug 30,10.60,2.61%
USDP,284.44M,13.43%,7.20%,27.30%,11.30%,2.40,2.20,2.65,2.65,62.10%,24.50%,18.90%,Nov 07/a,10.84,2.55%
CELP,74.47M,13.33%,5.30%,26.80%,2.70%,3.10,3.10,2.43,2.43,13.10%,5.30%,2.90%,Nov 12/a,6.86,8.89%
MNDO,44.27M,13.27%,20.30%,27.20%,23.70%,4.10,4.10,0.00,0.00,64.10%,28.30%,28.30%,Nov 05/b,2.24,-0.88%
NYMT,845.11M,13.14%,0.80%,14.10%,0.80%,-,-,14.52,14.52,30.30%,24.00%,19.40%,Nov 05/a,6.15,0.99%
CVRR,2.88B,13.12%,17.40%,30.40%,11.40%,1.90,1.20,0.37,0.37,7.90%,6.60%,6.20%,Oct 24/a,19.31,0.52%
WHLRP,-,13.02%,-,-,-,-,-,-,-,-,-,-,-,17.25,-0.17%
TEO,2.18B,12.99%,-0.60%,-1.20%,23.70%,0.50,0.40,0.24,0.52,79.50%,20.10%,-0.90%,Nov 30/a,18.00,1.64%
KCAP,114.85M,12.94%,-,-,-,-,-,-,-,-,-,-,Nov 06/a,3.10,0.16%
EMO,-,12.83%,-,-,-,-,-,-,-,-,-,-,-,10.10,1.20%
ABDC,76.17M,12.79%,-,-,-,-,-,-,-,-,-,-,Nov 05/a,5.69,1.07%
ANH,433.86M,12.70%,0.60%,5.70%,1.10%,-,-,0.07,7.70,37.10%,25.80%,20.10%,Nov 08/a,4.40,-0.23%
CAPL,570.46M,12.70%,1.50%,9.10%,5.30%,0.80,0.60,4.14,4.16,7.10%,1.30%,0.60%,Nov 06/a,16.65,0.67%
OFS,143.12M,12.69%,-,-,-,-,-,-,-,-,-,-,Nov 02/b,10.82,0.93%
LMLP,-,12.67%,-,-,-,-,-,-,-,-,-,-,-,14.18,4.43%
CMFN,107.84M,12.66%,-,-,-,-,-,-,-,-,-,-,Nov 07/a,8.03,1.71%
FMO,361.50M,12.65%,-,-,-,-,-,-,-,-,-,-,-,10.38,1.76%
UNIT,3.57B,12.62%,0.40%,-1.30%,8.70%,0.20,0.20,-,-,-,30.20%,1.70%,Nov 01/a,19.19,0.95%
GLO,304.20M,12.61%,-,-,-,-,-,-,-,-,-,-,-,9.54,1.06%
OXSQ,312.77M,12.60%,-,-,-,-,-,-,-,-,-,-,Oct 30/b,6.31,-0.58%
BKCC,407.63M,12.54%,-,-,-,-,-,-,-,-,-,-,Oct 31/a,5.77,0.52%
GPP,481.33M,12.53%,61.90%,-90.80%,88.00%,1.20,1.20,-,-,-,60.20%,54.40%,Nov 07/b,15.32,1.06%
IAF,116.67M,12.48%,-,-,-,-,-,-,-,-,-,-,-,5.20,1.36%
WMC,487.51M,12.41%,1.40%,14.50%,2.20%,-,-,7.31,7.31,49.90%,35.80%,34.90%,Nov 07/a,10.02,0.35%
CNSL,925.59M,12.37%,1.30%,9.20%,1.70%,0.80,0.80,4.54,4.60,57.30%,0.90%,3.40%,Nov 01/b,12.51,-0.16%
DLNG,421.92M,12.32%,0.80%,3.30%,6.70%,2.80,2.60,3.19,3.20,79.10%,47.30%,6.00%,Dec 04/b,8.14,0.25%
PHK,1.02B,12.31%,-,-,-,-,-,-,-,-,-,-,-,8.04,2.03%
GPM,374.85M,12.31%,-,-,-,-,-,-,-,-,-,-,-,7.93,1.67%
SUN,2.27B,12.29%,0.30%,1.40%,4.70%,1.10,0.70,2.84,2.85,8.90%,1.70%,0.10%,Nov 07/a,27.43,2.18%
SMTA,473.86M,12.28%,-,-,-0.20%,-,-,9.88,9.88,-,-,-,Nov 09/b,10.82,0.70%
LKSD,291.89M,12.25%,-3.20%,-25.50%,3.60%,1.30,1.00,3.08,4.14,15.00%,0.10%,-1.70%,Nov 01/b,9.40,10.72%
GECC,87.03M,12.24%,-,-,-,-,-,-,-,-,-,-,Nov 05/b,8.11,-0.73%
CYCCP,58.95M,12.21%,-,-,-,-,-,-,-,-,-,-,-,4.91,0.00%
MTEX,40.34M,12.20%,-3.90%,-7.80%,-4.20%,1.40,1.10,0.03,0.06,80.30%,0.30%,-1.70%,Nov 06/b,16.62,1.34%
CPTA,131.21M,12.20%,-,-,-,-,-,-,-,-,-,-,Nov 05/a,8.26,0.75%
DX,342.24M,12.16%,2.50%,20.10%,1.10%,-,-,0.01,6.29,53.50%,93.80%,82.00%,Oct 31/b,5.82,-1.69%
VGR,1.89B,12.15%,6.30%,-18.80%,21.00%,1.40,1.20,-,-,30.90%,11.80%,4.60%,Nov 06/b,13.53,2.71%
CPLP,374.33M,12.12%,1.00%,1.60%,4.70%,0.50,0.40,0.46,0.52,89.20%,20.00%,5.60%,Oct 31/b,2.77,4.92%
NLY,13.00B,12.11%,2.90%,23.40%,1.60%,-,-,0.56,6.85,70.20%,65.00%,62.10%,Oct 31/a,9.87,-0.40%
AGNC,8.56B,12.11%,1.60%,13.10%,-,-,-,0.04,5.74,60.40%,47.70%,46.00%,Oct 24/a,17.88,0.22%
FSIC,1.50B,12.10%,-,-,-,-,-,-,-,-,-,-,Nov 07/a,6.32,0.72%
AINV,1.07B,12.07%,-,-,-,-,-,-,-,-,-,-,Oct 30/a,5.21,4.83%
FTF,213.61M,12.06%,-,-,-,-,-,-,-,-,-,-,-,9.31,-1.43%
JE,471.63M,12.03%,-,-,-,-,-,-,-,-,-,-,Nov 07/a,3.23,2.22%
CBA,-,12.01%,-,-,-,-,-,-,-,-,-,-,-,6.71,0.75%
MARPS,6.00M,12.00%,-,-,-,-,-,-,-,-,-,-,Nov 13/b,3.06,2.00%
SDLP,299.56M,11.94%,3.00%,14.90%,9.10%,2.10,2.10,2.09,2.31,67.90%,40.70%,17.20%,Nov 20/b,3.36,0.30%
CTR,-,11.93%,-,-,-,-,-,-,-,-,-,-,-,9.82,1.03%
FGB,-,11.93%,-,-,-,-,-,-,-,-,-,-,-,6.03,2.73%
NTG,-,11.91%,-,-,-,-,-,-,-,-,-,-,-,14.37,1.27%
FEN,385.44M,11.91%,-,-,-,-,-,-,-,-,-,-,-,19.58,0.49%
GLV,79.03M,11.88%,-,-,-,-,-,-,-,-,-,-,-,11.28,0.00%
DSE,-,11.79%,-,-,-,-,-,-,-,-,-,-,-,5.18,1.85%
MFD,87.59M,11.70%,-,-,-,-,-,-,-,-,-,-,-,10.08,-1.75%
GLQ,145.54M,11.67%,-,-,-,-,-,-,-,-,-,-,-,13.23,0.27%
SACH,63.62M,11.65%,10.40%,14.10%,7.50%,-,-,0.00,0.40,87.10%,72.90%,73.30%,-,4.10,-0.50%
CCT,1.72B,11.64%,-,-,-,-,-,-,-,-,-,-,Nov 07/a,13.97,1.01%
NRO,220.98M,11.59%,-,-,-,-,-,-,-,-,-,-,-,4.70,0.79%
CHI,690.47M,11.57%,-,-,-,-,-,-,-,-,-,-,-,9.94,0.91%
HRZN,119.57M,11.57%,-,-,-,-,-,-,-,-,-,-,Oct 30/a,11.00,6.08%
TPVG,300.93M,11.57%,-,-,-,-,-,-,-,-,-,-,Oct 31/a,12.70,2.01%
WHF,252.51M,11.55%,-,-,-,-,-,-,-,-,-,-,Nov 06/b,12.53,1.95%
KYN,1.96B,11.54%,-,-,-,-,-,-,-,-,-,-,-,15.97,2.40%
FDUS,330.74M,11.54%,-,-,-,-,-,-,-,-,-,-,Nov 01/a,13.75,1.70%
MFA,2.80B,11.53%,2.80%,9.30%,3.20%,-,-,0.00,1.84,66.30%,53.50%,50.70%,Nov 06/b,6.95,0.22%
GOF,-,11.53%,-,-,-,-,-,-,-,-,-,-,-,19.35,1.85%
MITT,494.87M,11.51%,1.70%,11.60%,-,-,-,0.03,4.95,53.90%,45.60%,43.60%,Nov 07/a,17.38,0.03%
SSI,43.92M,11.49%,-7.00%,-18.80%,-5.60%,2.80,0.40,0.91,0.92,23.20%,-3.20%,-3.70%,Aug 23/b,1.72,-1.15%
GER,-,11.49%,-,-,-,-,-,-,-,-,-,-,-,5.66,1.60%
CEM,-,11.43%,-,-,-,-,-,-,-,-,-,-,-,12.62,1.61%
SXCP,660.35M,11.39%,8.50%,24.80%,-2.10%,1.30,0.70,1.34,1.34,30.10%,16.20%,15.80%,Oct 25/b,13.49,-3.99%
PBI,1.26B,11.38%,3.80%,142.60%,8.30%,1.20,1.20,16.56,18.28,48.10%,9.60%,6.90%,Nov 01/b,6.62,0.46%
BKEPP,-,11.36%,-,-,-,-,-,-,-,-,-,-,-,6.34,1.44%
NRZ,6.19B,11.28%,6.50%,27.90%,4.90%,-,-,1.17,2.71,64.40%,67.50%,59.00%,Oct 25/b,17.90,0.93%
CIM,3.37B,11.27%,2.60%,15.50%,2.60%,-,-,2.61,5.11,47.00%,50.20%,47.00%,Oct 31/b,18.59,4.72%
GGT,190.61M,11.24%,-,-,-,-,-,-,-,-,-,-,-,8.13,3.83%
CHY,778.71M,11.24%,-,-,-,-,-,-,-,-,-,-,-,10.84,1.53%
IGD,631.97M,11.21%,-,-,-,-,-,-,-,-,-,-,-,6.59,1.23%
HCLP,653.24M,11.21%,16.70%,23.30%,9.40%,1.80,1.50,0.22,0.23,29.70%,24.10%,22.30%,Oct 30/a,7.73,-3.74%
MLPZ,-,11.20%,-,-,-,-,-,-,-,-,-,-,-,34.12,4.66%
TYG,1.23B,11.19%,-,-,-,-,-,-,-,-,-,-,-,23.76,1.50%
SFL,1.50B,11.19%,2.80%,7.50%,5.60%,0.50,0.50,0.95,1.54,66.40%,32.80%,23.60%,Nov 21/b,12.53,0.16%
DBD,272.44M,11.17%,-6.90%,-83.30%,-1.40%,1.40,0.90,8.00,8.30,22.10%,-3.50%,-7.80%,Oct 31/b,3.90,8.94%
PRT,151.46M,11.16%,-,-,-,-,-,-,-,-,-,-,-,12.52,0.60%
MRCC,259.99M,11.15%,2.90%,5.10%,5.20%,-,-,0.87,0.87,57.30%,53.60%,25.10%,Nov 06/a,12.76,1.59%
NHF,-,11.14%,-,-,-,-,-,-,-,-,-,-,-,21.78,1.07%
JMLP,-,11.13%,-,-,-,-,-,-,-,-,-,-,-,6.86,1.77%
IVR,1.71B,11.12%,1.70%,15.40%,1.70%,-,-,0.86,7.98,49.80%,48.40%,51.50%,Nov 05/a,15.11,0.00%
ARLP,2.48B,11.11%,16.80%,31.70%,18.80%,1.10,0.90,0.34,0.42,96.10%,20.50%,19.60%,Oct 29/b,19.21,2.56%
SCM,195.91M,11.07%,-,-,-,-,-,-,-,-,-,-,Nov 07/b,12.35,0.57%
PGP,142.09M,11.06%,-,-,-,-,-,-,-,-,-,-,-,13.20,0.00%
TTP,-,11.05%,-,-,-,-,-,-,-,-,-,-,-,14.83,0.54%
ERC,377.84M,11.03%,-,-,-,-,-,-,-,-,-,-,-,11.57,0.52%
SHI,7.46B,11.01%,18.20%,26.70%,16.30%,1.60,1.10,0.00,0.05,9.00%,8.50%,8.00%,Nov 20/a,43.92,1.62%
IID,-,10.97%,-,-,-,-,-,-,-,-,-,-,-,5.72,1.24%
EXG,-,10.95%,-,-,-,-,-,-,-,-,-,-,-,8.49,2.22%
OPP,-,10.94%,-,-,-,-,-,-,-,-,-,-,-,16.31,-0.85%
CHMI,284.93M,10.94%,3.50%,26.10%,2.40%,-,-,0.26,5.74,67.40%,64.50%,56.70%,Nov 06/a,17.94,0.14%
THW,-,10.90%,-,-,-,-,-,-,-,-,-,-,-,13.14,2.34%
HDLV,-,10.86%,-,-,-,-,-,-,-,-,-,-,-,24.54,-0.20%
KMF,-,10.80%,-,-,-,-,-,-,-,-,-,-,-,11.25,1.26%
SRLP,558.11M,10.79%,2.50%,17.80%,7.00%,1.80,1.00,3.52,3.92,7.90%,2.10%,0.80%,Nov 07/b,25.33,2.34%
JMF,-,10.79%,-,-,-,-,-,-,-,-,-,-,-,9.45,1.94%
MCC,202.10M,10.78%,-,-,-,-,-,-,-,-,-,-,Nov 08/a,3.67,-1.08%
CCR,509.55M,10.78%,11.00%,28.10%,12.20%,0.60,0.40,0.78,0.80,-,18.50%,15.20%,Oct 29,19.88,4.52%
ATTO,452.81M,10.78%,-1.50%,-5.60%,9.40%,1.50,1.50,1.29,1.48,-,4.80%,-1.10%,Nov 12/a,6.10,-3.33%
MTBCP,302.67M,10.76%,-,-,-,-,-,-,-,-,-,-,-,25.56,0.04%
FEI,-,10.76%,-,-,-,-,-,-,-,-,-,-,-,11.15,0.00%
HCFT,80.12M,10.76%,-0.40%,-8.10%,0.20%,-,-,0.17,0.17,-45.30%,-,-19.60%,Nov 08/a,3.52,2.38%
PSEC,2.45B,10.75%,-,-,-,-,-,-,-,-,-,-,Nov 27/a,6.82,1.87%
PLYM,65.10M,10.71%,-7.00%,992.10%,-1.10%,0.50,0.50,-,-,65.10%,-15.30%,-53.40%,Nov 13/b,14.00,0.00%
TNK,294.57M,10.71%,-3.40%,-7.50%,0.10%,0.70,0.70,0.96,1.13,22.80%,-6.10%,-13.30%,Nov 08/b,1.10,-1.79%
HCAP,68.14M,10.70%,-,-,-,-,-,-,-,-,-,-,Nov 08/b,10.61,-0.38%
FAX,989.61M,10.70%,-,-,-,-,-,-,-,-,-,-,-,3.93,0.25%
SITC,2.40B,10.69%,-3.90%,-11.60%,-3.10%,-,-,1.66,1.66,72.60%,-12.20%,-30.60%,Oct 24/a,12.51,-0.20%
HIHO,13.80M,10.67%,7.90%,12.30%,12.20%,2.90,2.40,0.00,0.00,35.80%,9.70%,7.90%,Nov 26/b,3.84,2.37%
LMRK,362.53M,10.65%,2.10%,5.20%,4.30%,-,-,1.60,1.60,98.80%,63.00%,27.30%,Nov 08/b,14.35,3.99%
SJT,236.31M,10.65%,300.30%,519.60%,592.90%,-,-,0.00,0.00,-,79.00%,78.80%,Nov 08,5.10,0.59%
CIF,46.30M,10.64%,-,-,-,-,-,-,-,-,-,-,-,2.35,0.00%
CCD,-,10.64%,-,-,-,-,-,-,-,-,-,-,-,18.95,0.80%
SIR,1.82B,10.63%,1.60%,3.80%,3.10%,-,-,1.00,1.00,77.80%,32.10%,16.60%,Oct 29/b,19.02,-0.87%
EFC,467.36M,10.61%,1.80%,9.30%,1.70%,-,-,0.47,2.84,51.80%,33.10%,51.10%,Nov 05/a,15.51,0.39%
DPG,-,10.61%,-,-,-,-,-,-,-,-,-,-,-,13.28,0.61%
MIC,3.32B,10.57%,6.30%,16.50%,3.60%,2.40,2.40,1.08,1.10,54.60%,16.80%,26.50%,Oct 31/a,37.10,-2.01%
CTL,24.04B,10.56%,2.30%,7.80%,2.90%,1.00,1.00,1.60,1.62,53.00%,11.90%,7.60%,Nov 08/a,20.72,1.27%
MFV,38.56M,10.56%,-,-,-,-,-,-,-,-,-,-,-,5.45,0.98%
SNP,105.72B,10.54%,2.60%,5.40%,6.10%,0.80,0.40,0.20,0.36,21.50%,2.60%,1.50%,Nov 26,80.79,-1.33%
GMZ,-,10.54%,-,-,-,-,-,-,-,-,-,-,-,8.19,2.76%
CGO,96.70M,10.54%,-,-,-,-,-,-,-,-,-,-,-,11.56,1.49%
IRS,796.04M,10.53%,5.40%,48.10%,11.60%,2.10,2.00,4.84,5.52,40.70%,85.00%,45.30%,Nov 07,13.36,1.91%
ARR,911.87M,10.52%,1.90%,12.80%,-,-,-,0.00,5.97,62.70%,48.30%,43.70%,Oct 31/a,21.86,0.88%
ENLK,5.55B,10.49%,1.10%,4.00%,4.90%,0.70,0.60,1.38,1.53,-,6.40%,1.60%,Nov 06/a,15.10,1.51%
PNNT,480.82M,10.48%,-,-,-,-,-,-,-,-,-,-,Nov 15/a,7.13,3.71%
FEDU,195.21M,10.47%,2.30%,3.10%,5.80%,2.90,2.90,0.00,0.00,57.40%,15.20%,6.50%,Oct 24/b,4.21,4.99%
GAB,1.44B,10.47%,-,-,-,-,-,-,-,-,-,-,-,5.83,1.74%
DMO,-,10.46%,-,-,-,-,-,-,-,-,-,-,-,22.11,1.42%
FDEU,-,10.45%,-,-,-,-,-,-,-,-,-,-,-,14.03,1.15%
SCD,214.36M,10.40%,-,-,-,-,-,-,-,-,-,-,-,12.22,2.54%
DBL,-,10.40%,-,-,-,-,-,-,-,-,-,-,-,19.39,0.77%
ANDX,9.18B,10.38%,5.30%,15.70%,9.70%,0.90,0.90,1.57,1.57,35.30%,21.80%,11.70%,Nov 07/b,40.42,1.86%
GME,1.58B,10.36%,-0.90%,-2.00%,4.40%,1.50,0.50,0.39,0.39,32.70%,0.80%,-0.50%,Dec 06/a,14.70,0.20%
IEP,12.26B,10.35%,3.30%,19.40%,4.60%,-,-,1.40,1.40,25.20%,7.30%,6.30%,Nov 09/b,69.36,2.57%
TCPC,818.58M,10.34%,-,-,-,-,-,-,-,-,-,-,Nov 08/b,14.06,1.01%
GNL,1.51B,10.34%,0.50%,1.10%,2.80%,-,-,1.23,0.00,79.00%,31.50%,5.60%,Nov 07/b,20.42,-0.85%
SPH,1.44B,10.33%,3.50%,13.30%,6.20%,1.10,0.70,2.18,2.18,57.10%,11.50%,5.70%,Nov 15/b,22.80,-1.85%
DKL,756.49M,10.33%,11.00%,34.30%,14.80%,2.40,1.80,4.25,4.25,31.50%,17.60%,9.70%,Nov 06/a,31.27,2.24%
RC,506.54M,10.32%,2.20%,10.50%,0.80%,-,-,3.81,0.00,39.80%,11.00%,35.70%,-,15.35,-0.97%
NS,2.55B,10.32%,2.10%,8.00%,6.10%,0.70,0.60,2.02,2.06,65.10%,18.60%,7.40%,Nov 05/b,23.85,2.60%
NMFC,1.00B,10.31%,-,-,-,-,-,-,-,-,-,-,Nov 07/a,13.36,1.33%
DDF,87.26M,10.31%,-,-,-,-,-,-,-,-,-,-,-,11.79,3.88%
NRT,67.83M,10.30%,380.30%,-,7022.10%,1.10,1.10,0.00,0.00,90.10%,90.50%,90.20%,Nov 15,7.19,-2.57%
ETW,1.13B,10.29%,-,-,-,-,-,-,-,-,-,-,-,10.84,2.36%
AVK,500.28M,10.22%,-,-,-,-,-,-,-,-,-,-,-,13.97,1.31%
SEMG,1.50B,10.22%,-1.20%,-3.90%,2.20%,1.10,1.00,1.60,1.60,28.10%,4.80%,-2.60%,Nov 07/a,18.55,0.27%
DHY,243.14M,10.21%,-,-,-,-,-,-,-,-,-,-,-,2.34,-0.43%
VEON,5.22B,10.18%,-2.40%,-10.70%,4.90%,0.60,0.50,2.55,2.98,77.10%,16.20%,-4.80%,Nov 08/b,2.81,-1.58%
KNOP,684.05M,10.17%,5.10%,14.90%,5.80%,0.50,0.50,1.61,1.73,79.00%,44.90%,35.80%,Dec 04/b,20.41,-0.20%
ADES,196.70M,10.16%,41.90%,46.50%,-35.20%,9.90,9.80,0.00,0.00,-12.50%,-75.20%,-,Nov 05/a,9.90,0.61%
SAR,153.34M,10.15%,-,-,-,-,-,-,-,-,-,-,Oct 10/a,20.94,2.12%
CDMOP,1.45B,10.14%,-,-,-,-,-,-,-,-,-,-,-,26.03,0.70%
INB,-,10.13%,-,-,-,-,-,-,-,-,-,-,-,8.28,1.10%
MIE,-,10.12%,-,-,-,-,-,-,-,-,-,-,-,9.18,0.99%
NEWT,361.00M,10.11%,0.00%,0.00%,-,-,-,0.89,0.00,-,25.30%,0.00%,Nov 07/a,19.45,2.42%
GCV,68.28M,10.11%,-,-,-,-,-,-,-,-,-,-,-,4.86,2.22%
ETO,317.76M,10.09%,-,-,-,-,-,-,-,-,-,-,-,21.73,1.54%
APU,3.53B,10.09%,3.80%,21.20%,9.50%,0.80,0.60,3.92,4.20,52.50%,13.30%,5.60%,Nov 12/a,35.61,-5.42%
SPKEP,-,10.07%,-,-,-,-,-,-,-,-,-,-,-,21.55,-0.92%
GUT,316.96M,10.07%,-,-,-,-,-,-,-,-,-,-,-,6.00,0.67%
HTGC,1.19B,10.02%,-,-,-,-,-,-,-,-,-,-,Nov 01/a,12.57,1.66%
VIV,18.90B,10.02%,6.80%,10.00%,7.10%,0.90,0.90,0.07,0.09,52.90%,19.50%,16.10%,Oct 31,11.61,0.26%
GEL,2.72B,10.01%,-0.20%,-0.80%,3.80%,1.50,1.30,2.00,2.00,21.80%,8.40%,-0.60%,Nov 01/b,22.04,2.18%
REM,-,10.01%,-,-,-,-,-,-,-,-,-,-,-,42.79,0.52%
FCO,73.29M,10.00%,-,-,-,-,-,-,-,-,-,-,-,8.17,-2.71%
